DDP_Type,Model_Size,Avg_Comm_Time_s,Avg_Iter_Time_s
Naive,xl,0.0232922174036502,0.4869136810302734
Reduced Comm,xl,0.0115974666550755,0.4882352948188782
