DDP_Type,Model_Size,Avg_Comm_Time_s,Avg_Iter_Time_s
Naive,xl,0.0232922174036502,0.4869136810302734
Reduced Comm,xl,0.0115974666550755,0.4882352948188782
DDP Wrapped,xl,,0.4137781262397766
DDP Wrapped (1 MB buckets),xl,,0.3810023367404938
DDP Wrapped (10 MB buckets),xl,,0.3873341679573059
DDP Wrapped (100 MB buckets),xl,,0.3917813301086426
DDP Wrapped (1000 MB buckets),xl,,0.3864700198173523
